Stock,#,Oil & Gas Stocks,Robotics Stocks,Gold Bullion,Paper Stocks,Utility Stocks,Auto Stocks,Airline Stocks,,Mutual Funds,Diamond Trade,Commodities Trade (Grain),Security Bonds,Silver Trade,Certificate Of Deposit,Money Market
Stock,17,$98,$599,"$1,332",$37,"$1,393",$33,$39,,$48,$178,$391,$4,$20,0.90%,0.70%
KPI,Population,Pop Chg,GDP,GDP Chg,CPI,Unemployment Rate,Poverty Rate,Income Inequality,Wealth Inequality,,,,,,,
KPI,500000,0,"1,000,000",0,100,5,10,0.4,0.6,,,,,,,
LC,#,Description of Event,Amount,,,,,,,,,,,,,
LC,1, Scholarship Funding,"$16,000",,,,,,,,,,,,,
LC,2, Work Study grant,"$8,000",,,,,,,,,,,,,
LC,3, Loan Payment due,"-$8,000",,,,,,,,,,,,,
LC,4, Student grant,"$1,000",,,,,,,,,,,,,
LC,5, School Tuition costs,"-$8,000",,,,,,,,,,,,,
LC,6, Dormatory Fees,"-$2,000",,,,,,,,,,,,,
LC,7, Student Loan,"$1,000",,,,,,,,,,,,,
LC,8, Apartment costs,"-$1,800",,,,,,,,,,,,,
LC,9,Summer work,"$2,500",,,,,,,,,,,,,
LC,10, Book tuition,"-$1,000",,,,,,,,,,,,,
LC,11, Travel costs,"-$1,200",,,,,,,,,,,,,
LC,12, Special aid,$800,,,,,,,,,,,,,
LC,13, Evening work pay,$500,,,,,,,,,,,,,
JC,#,Description of Event,Amount,,,,,,,,,,,,,
JC,1,Loss Job with severance due to budget cut,"$16,000",,,,,,,,,,,,,
JC,2,Salary garnish for child support,-$600,,,,,,,,,,,,,
JC,3,Loss job due to firing,$0,,,,,,,,,,,,,
JC,4,Travel expense,"-$1,000",,,,,,,,,,,,,
JC,5,Budget cut - last salary increase is revoked,$0,,,,,,,,,,,,,
JC,6,Salary raise,"$3,200",,,,,,,,,,,,,
JC,7,Travel allowance,"$1,000",,,,,,,,,,,,,
JC,8,Time for a job review,$0,,,,,,,,,,,,,
JC,9,Tax Refund ,"$3,000",,,,,,,,,,,,,
JC,10,Food expense,-$500,,,,,,,,,,,,,
JC,11,Hazard pay,"$7,000",,,,,,,,,,,,,
JC,12,Time for a salary review,$0,,,,,,,,,,,,,
JC,13,Income Taxes,"-$1,350",,,,,,,,,,,,,
JC,14,Annual Benefits,"$1,500",,,,,,,,,,,,,
JC,15,Salary Bonus,"$5,500",,,,,,,,,,,,,
JC,16,Gross annual increase,"$10,500",,,,,,,,,,,,,
JC,17,Demotion requested by management - 1 level,$0,,,,,,,,,,,,,
SC,#,Description of Event,Count,,,,,,,,,,,,,
SC,1,Money Market Shares,1000,,,,,,,,,,,,,
SC,2,Certificate of Deposit Shares,3000,,,,,,,,,,,,,
SC,3,Silver Trade Shares,1200,,,,,,,,,,,,,
SC,4,Oil Stock Loss,-1000,,,,,,,,,,,,,
SC,5,Security Bonds,500,,,,,,,,,,,,,
SC,6,Stock Loss,-500,,,,,,,,,,,,,
SC,7,Commodities Trade Shares,600,,,,,,,,,,,,,
SC,8,Diamond Investment Loss,-2500,,,,,,,,,,,,,
SC,9,Diamond Shares,1500,,,,,,,,,,,,,
SC,10,CD Investment Loss,-200,,,,,,,,,,,,,
SC,11,Mutual Funds,5000,,,,,,,,,,,,,
SC,12,Oil Stock Shares,500,,,,,,,,,,,,,
SC,13,Silver Trade Loss,-200,,,,,,,,,,,,,
SC,14,Stock split request,2,,,,,,,,,,,,,
LC2,#,Description of Event,Amount,,,,,,,,,,,,,
LC2,1,Recent Inheritance,"$30,000",,,,,,,,,,,,,
LC2,2,Win Sweepstakes,"$25,000",,,,,,,,,,,,,
LC2,3,Property Taxes,"-$5,000",,,,,,,,,,,,,
LC2,4,Tax Refund,"$1,000",,,,,,,,,,,,,
LC2,5,Lost $100 bill,-$100,,,,,,,,,,,,,
LC2,6,Insurance claim,"$3,000",,,,,,,,,,,,,
LC2,7,Lawsuit claim,"$5,000",,,,,,,,,,,,,
LC2,8,Wedding gifts,"$2,500",,,,,,,,,,,,,
LC2,9,Traffic ticket,-$500,,,,,,,,,,,,,
LC2,10,Tax Payment,"-$1,500",,,,,,,,,,,,,
LC2,11,Car Payment,-$500,,,,,,,,,,,,,
LC2,12,House sale profit,"$55,000",,,,,,,,,,,,,
LC2,13,Tax Over-payment,"$2,200",,,,,,,,,,,,,
REV,#,"Stock Split
(Added)","HR Review
(Salary Increase)","College
(Degrees)","Mgmt Review
(Promotions)",Index Control,Pay,,,,,,,,,
REV,0,0,0,0,No Promotion,0,"$25,000",,,,,,,,,
REV,1,1,1,1,Job Assistant,1 up,"$50,000",,,,,,,,,
REV,2,2,2,2,Exec Assistant,1 dn,"$60,000",,,,,,,,,
REV,3,3,3,3,Jr Professional,0,"$80,000",,,,,,,,,
REV,4,4,4,4,Sr Professional,,"$90,000",,,,,,,,,
REV,5,5,5,5,Consultant,,"$100,000",,,,,,,,,
REV,6,6,6,6,Sr Consultant,,"$110,000",,,,,,,,,
REV,7,7,7,7,Supervisor,,"$125,000",,,,,,,,,
REV,8,8,8,8,Manager,,"$150,000",,,,,,,,,
REV,9,9,9,9,Director,,"$200,000",,,,,,,,,
REV,10,-1,-1,-1,Demotion 1 Level,,"-$6,000",,,,,,,,,
BUS,#,District,Business,Buy,Partner,Club,Value,,,,,,,,,
BUS,1,Entertainment,Amuze Park,"$70,000","$35,000","$7,000",$100,,,,,,,,,
BUS,2,Entertainment,Vacaion Resort,"$60,000","$30,000","$6,000",$50,,,,,,,,,
BUS,3,Entertainment,Rest & Recreation Park,"$50,000","$25,000","$5,000",$45,,,,,,,,,
BUS,4,Entertainment,Pizza Place,"$30,000","$15,000","$3,000",$10,,,,,,,,,
BUS,5,Entertainment,Bowling Lanes,"$40,000","$20,000","$4,000",$15,,,,,,,,,
BUS,6,Entertainment,Golf Galery,"$35,000","$17,500","$3,500",$10,,,,,,,,,
BUS,7,Entertainment,Movie Theater,"$45,000","$22,500","$4,500",$10,,,,,,,,,
BUS,8,Entertainment,Mummy Museum,"$20,000","$10,000","$1,000",$30,,,,,,,,,
BUS,9,Investment Ally,Oil & Gas Stocks,"$300,000","$150,000","$15,000",$100,,,,,,,,,
BUS,10,Investment Ally,Robotics,"$500,000","$250,000","$25,000",$500,,,,,,,,,
BUS,11,Investment Ally,Gold Bullion,"$100,000","$50,000","$5,000","$1,000",,,,,,,,,
BUS,12,Investment Ally,Paper,"$90,000","$45,000","$4,500",$10,,,,,,,,,
BUS,13,Investment Ally,Utility,"$40,000","$20,000","$2,000",$40,,,,,,,,,
BUS,14,Investment Ally,Auto,"$70,000","$35,000","$3,500",$35,,,,,,,,,
BUS,15,Investment Ally,Airline,"$50,000","$25,000","$2,500",$25,,,,,,,,,
BUS,16,Wall St,Mutual Funds,"$300,000","$150,000","$15,000",$100,,,,,,,,,
BUS,17,Wall St,Diamonds R Us,"$300,000","$150,000","$15,000",$100,,,,,,,,,
BUS,18,Wall St,Commodities Trade,"$300,000","$150,000","$15,000",$100,,,,,,,,,
BUS,19,Wall St,Security Bonds,"$150,000","$75,000","$7,500",$50,,,,,,,,,
BUS,20,Wall St,Silver Trade,"$150,000","$75,000","$7,500",$75,,,,,,,,,
BUS,21,Wall St,Certificate of Deposit,"$150,000","$75,000","$7,500",$100,,,,,,,,,
BUS,22,Wall St,Money Market,"$150,000","$75,000","$7,500",$100,,,,,,,,,
BUS,23,Market St,Wally Mart,"$80,000","$40,000","$4,000",$100,,,,,,,,,
BUS,24,Market St,Sport Center,"$80,000","$40,000","$4,000",$100,,,,,,,,,
BUS,25,Market St,McRonald's,"$80,000","$40,000","$4,000",$100,,,,,,,,,
BUS,26,Market St,Audrey Furniture,"$80,000","$40,000","$4,000",$100,,,,,,,,,
BUS,27,Market St,Home Tool Shed,"$80,000","$40,000","$4,000",$100,,,,,,,,,
BUS,28,Market St,Famous Foot Shoes,"$80,000","$40,000","$4,000",$100,,,,,,,,,
BUS,29,Market St,Shears Hardware,"$80,000","$40,000","$4,000",$100,,,,,,,,,
OPP,#,Description of Event (Needs and Wants,Amount,,,,,,,,,,,,,
OPP,1,Sell all Stocks,"$25,000",,,,,,,,,,,,,
OPP,2,Food Shelter needs food supplies,"-$5,000",,,,,,,,,,,,,
OPP,3,"Buy new 80"" TV with wall mount and back lights","-$2,500",,,,,,,,,,,,,
OPP,4,Receive stock split for all stocks owned,$0,,,,,,,,,,,,,
OPP,5,Go to Life Center,$0,,,,,,,,,,,,,
OPP,6,Food Shelter needs food supplies,"-$5,000",,,,,,,,,,,,,
OPP,7,Go to Stock Center,$0,,,,,,,,,,,,,
OPP,8,Sell all Stocks,"$10,000",,,,,,,,,,,,,
OPP,9,Shelter needs bed supplies,"-$7,500",,,,,,,,,,,,,
OPP,10,Buy a new washer and dryer. Color don;t match walls.,"-$1,500",,,,,,,,,,,,,
OPP,11,Receive salary increase for your next pay cycle,$0,,,,,,,,,,,,,
OPP,12,Go to Stock Center,$0,,,,,,,,,,,,,
OPP,13,Animal Shelter needs supplies ,"-$3,500",,,,,,,,,,,,,
OPP,14,Go to Learning Center,$0,,,,,,,,,,,,,
OPP,15,Sell all stocks and properties,"$50,000",,,,,,,,,,,,,
OPP,16,Sell all properties,"$90,000",,,,,,,,,,,,,
OPP,17,Receive 10% of stock value,$0,,,,,,,,,,,,,
OPP,18,Receive 15% of property value,$0,,,,,,,,,,,,,
OPP,19,Society Club needs your help,"-$1,000",,,,,,,,,,,,,
OPP,20,Food Bank needs your help,-$500,,,,,,,,,,,,,
OPP,21,Go to Job Center,$0,,,,,,,,,,,,,
OPP,22,Go to College,$0,,,,,,,,,,,,,
OPP,23,Go to Job Center,$0,,,,,,,,,,,,,
OPP,24,Need new Food shelter ,"-$1,000",,,,,,,,,,,,,
OPP,25,Go to Job Center,$0,,,,,,,,,,,,,
OPP,26,Cash out. Sell all properties and stock,$0,,,,,,,,,,,,,
OPP,27,Cash out. Sell all business investments,$0,,,,,,,,,,,,,
OPP,28,Money gift to buy stocks. Use amount to purchase shares.,"$5,000",,,,,,,,,,,,,
OPP,29,Raising money for neighborhood park,"-$2,500",,,,,,,,,,,,,
OPP,30,Buy a car for fix up,"-$2,200",,,,,,,,,,,,,
OPP,31,Receive promotion starting next pay cycle,$0,,,,,,,,,,,,,
OPP,32,Go to Life Center,$0,,,,,,,,,,,,,
OPP,33,Insurance claim refund,"$8,000",,,,,,,,,,,,,
OPP,34,Go to Job Center,$0,,,,,,,,,,,,,
OPP,35,Buy tickets for family to visit Amuze Park,$500,,,,,,,,,,,,,
OPP,36,One week vacation at Vacation Resort with family,"$1,410",,,,,,,,,,,,,
OPP,37,Weekend family adventure at Rest & Recreation Park,$525,,,,,,,,,,,,,
OPP,38,One day outing at the Pizza Place with family,$75,,,,,,,,,,,,,
OPP,39,Night of bowling at the Bowling Lanes for family,$100,,,,,,,,,,,,,
OPP,40,Putting at the Golf Galery for the family,$110,,,,,,,,,,,,,
OPP,41,Family outing at Movie Theater,$90,,,,,,,,,,,,,
OPP,42,Family night at the Mummy Museum,$90,,,,,,,,,,,,,
OPP,43,Thanksgiving family flight to visit using Airline,1250,,,,,,,,,,,,,
OPP,44,Stock index change due to economy performance indicators,0,,,,,,,,,,,,,
