code,id,type,OWN_code,short_description,long_description,INVITES,amount,count,CODE_REQUIREMENTS
OPP,1,inc,need,Stock Sell,You need to sell all the Stocks you own to generate some capital.,No,25000,0,Increment COH. Remove all investments with code STCK. Zero out stock value. 
OPP,2,exp,need,Food Shelter donation,The Food Shelter needs food supplies due to their inventory is low. Please donate.,No,-5000,0,Decrement COH. Add to total spending.
OPP,3,exp,want,TV 80inch,It is time you purchase a new 80inch TV with wall mount and back lights just because.,No,-2500,0,Decrement COH. Add to total spending. Insert investment row.
OPP,4,exp,opp,oNg Stock,oNg Stock shares received as employee for pennies on the dollar.,No,-50,50,Decrement COH. Add to total spending. Insert investment row.
OPP,5,exp,opp,Travel: Safe House,Take some timeout and spend it by traveling to the Safe House by train. You are being invited to the Life Cycle Center.,Life Cycle,-50,0,Decrement COH. Add to total spending. Add link to INVITES. Select 2 life cycle offers.
OPP,6,exp,need,Food Shelter,The Food Shelter needs food supplies due to their inventory is low.,No,-5000,0,Decrement COH. Add to total spending.
OPP,7,exp,opp,Travel: Stock Center,You have been invited to travel to the Stock Center and spend time in the Stock Cycle.,Stock Cycle,-50,0,Decrement COH. Add to total spending. Add link to INVITES. Select 2 stock offers.
OPP,8,inc,need,Stock Sell,You need to sell all the Stocks you own to generate some capital.,No,10000,0,Increment COH.Remove all investments with code STCK. Zero out stock value. 
OPP,9,exp,need,Homeless Shelter donation,The Homeless Shelter is in need of Bed supplies. They have encountered an increase in people.,No,-7500,0,Decrement COH. Add to total spending.
OPP,10,exp,need,Washer and Dryer,Purchase a new washer and dryer. The old machine colors do not match the walls.,No,-2500,0,Decrement COH. Add to total spending.
OPP,11,inc,opp,Salary increase,It is totally unexpected. But here is a salary increase.,No,5000,0,Increment COH. Add to total earnings. Add to salary.
OPP,12,exp,opp,Travel: Wally Mart,Let us spend a day shopping at Wally Mart. Take a ride on the train. Your next move will be a shopping spree in the Shopping cycle zone.,Shopping Cycle,-50,0,Decrement COH. Add to total spending. Add link to INVITES. Select 2 shopping offers. 
OPP,13,exp,need,Animal Shelter donation,The Animal Shelter needs supplies. Thank you for your contribution.,No,-3500,0,Decrement COH. Add to total spending.
OPP,14,exp,opp,Travel: Learning Center,Please accept our invitation to travel to the Learning Center. Your travel will be by train. And once you arrive you will be ushered into the College Cycle zone.,College Cycle,-50,0,Decrement COH. Add to total spending. Add link to INVITES. Select 2 college cycle offers. 
OPP,15,inc,need,Stock Sell,Sorry about this. You need to sell all the Stocks you own to generate some capital.,No,50000,0,Increment COH. Remove all investments with code STCK. Zero out stock value. 
OPP,16,inc,need,Property Sell,Sorry for the inconvenience. You need to sell all the properties you own to generate some capital. You can keep your residence.,No,100000,0,Increment COH. Remove all investments with code PPTY. Zero out property value. 
OPP,17,exp,opp,oNg Stock,Hurry. Do not miss out on this deal. oNg Stocks can be purchased for $1 per share. But there is a limit.,No,-100,100,Decrement COH. Add to total spending. Insert investment row.
OPP,18,exp,opp,Property Insurance,Property warranty Insurance is available for your purchase.,No,-3000,0,Decrement COH. Add to total spending. Turn off Insurance assessment flag..
OPP,19,exp,need,Society Club donation,The Society Club needs your help. Thank you for your contribution.,No,-1000,0,Decrement COH. Add to total spending.
OPP,20,exp,need,Food Bank donation,The Food Bank needs your help. Thank you for your useful contribution.,No,-500,0,Decrement COH. Add to total spending.
OPP,21,exp,opp,Travel: Job Center,You have been invited to travel to the Job Center located in the Opportunity Center. And then you will be ushered to spend time in the Job Cycle zone.,Job Cycle,-50,0,Decrement COH. Add to total spending. Add link to INVITES. Select 2 job cycle offers.
OPP,22,exp,opp,Travel: College,Please accept our invitation to travel to the College Campus. Your travel will be by train. And once you arrive you will be ushered into the College Cycle zone.,College Cycle,-50,0,Decrement COH. Add to total spending. Add link to INVITES. Select 2 college cycle offers.
OPP,23,exp,opp,Travel: Opportunity Center,You have been invited to travel to the Job Center located in the Opportunity Center. And then you will be ushered to spend time in the Job Cycle zone.,Job Cycle,-50,0,Decrement COH. Add to total spending. Add link to INVITES. Select 2 job cycle offers.
OPP,24,exp,need,Homeless Shelter donation,The Homeless Shelter is in need of Bed supplies. They have encountered an increase in people.,No,-1000,0,Decrement COH. Add to total spending.
OPP,25,exp,opp,Travel: Opportunity Center,You have been invited to travel to the Job Center located in the Opportunity Center. And then you will be ushered to spend time in the Job Cycle zone.,Job Cycle,-50,0,Decrement COH. Add to total spending. Add link to INVITES. Select 2 job cycle offers.
OPP,26,inc,opp,Cash OUT,Cash out. Sell all properties and stock for a nominal price so you can maintain your extravagant lifestyle.,No,150000,0,Increment COH. Add to total earnings. Remove all STCK and PPTY investments. Zero out the property and stock values.
OPP,27,inc,opp,Cash OUT,Cash out. Sell all properties and stock for a nominal price so you can maintain your extravagant lifestyle.,No,300000,0,Increment COH. Add to total earnings. Remove all STCK and PPTY investments. Zero out the property and stock values.
OPP,28,inc,need,ROI,Return on Investments you made recently. ,No,5000,0,Increment COH. Add to earnings. 
OPP,29,exp,need,Neighborhood park donation,We are raising money for the new neighborhood park. Thanks for your contribution.,No,-2500,0,Decrement COH. Add to total spending.
OPP,30,exp,want,Car Purchase,Good deal on this car that needs some fix up.,No,-2200,0,Decrement COH. Add to total spending. Insert investment row. Increment other investments.
OPP,31,exp,opp,Promotion,Receive promotion starting next pay cycle. This promotion request will increase your job level. The fee is to catch a cab to your office for confirmation.,No,-50,1,Decrement COH. Add to total spending. Increment job level. 
OPP,32,exp,opp,Travel: Safe House,Take some timeout and spend it by traveling to the Safe House by train. You are being invited to the Life Cycle Center.,Life Cycle,-50,0,Decrement COH. Add to total spending. Add link to INVITES. Select 2 life cycle offers.
OPP,33,inc,need,Insurance claim refund,Weather conditions required an Insurance claim. The refund has been received.,No,8000,0,Increment COH. Add to earnings. 
OPP,34,exp,opp,Travel: Stock Center,You have been invited to travel to the Stock Center and spend time in the Stock Cycle. You will be taken to the Stock Cycle zone upon your arrival.,Stock Cycle,-50,0,Decrement COH. Add to total spending. Add link to INVITES. Select 2 stock cycle offers.
OPP,35,exp,want,Travel: Amuze,Here is your ticket purchase for the Amuze Park. Hold these tickets for later use.,Shopping Cycle,-500,5,Decrement COH. Add to total spending. Add link to INVITES. Select 2 shopping cycle offers.
OPP,36,exp,want,Vacation Resort: Tickets,One week vacation at Vacation Resort with family for later use.,No,-1410,5,Decrement COH. Add to total spending. Insert investment row.
OPP,37,exp,want,Rest & Recreation Park: Tickets,Weekend family adventure at Rest & Recreation Park. Purchase and hold for later.,No,-525,0,Decrement COH. Add to total spending. Insert investment row.
OPP,38,exp,want,Travel: Pizza Place,A trip by cab to the Pizza Place with your family for food and fun.,Shopping Cycle,-75,5,Decrement COH. Add to total spending. Add link to INVITES. Select 2 shopping cycle offers.
OPP,39,exp,want,Bowling Lanes: Tickets,Night of bowling at the Bowling Lanes for family. Enjoy the train ride to and from the lanes.,No,-200,5,Decrement COH. Add to total spending. 
OPP,40,exp,want,Golf Gallery: Tickets,Putting at the Golf Gallery for the family. Enjoy the train ride to and from the facilities.,No,-235,5,Decrement COH. Add to total spending. 
OPP,41,exp,want,Movie Theater: Tickets,Enjoy the Family outing at the Movie Theater eating and drinking and watching a movie.,No,-215,5,Decrement COH. Add to total spending. 
OPP,42,exp,want,Mummy Museum: Tickets,This should be a great evening of Family night at the Mummy Museum. Enjoy the evening train ride going and coming.,No,-215,0,Decrement COH. Add to total spending. 
OPP,43,exp,want,Thanksgiving Travel,Thanksgiving family flight to visit family using the Airline.,No,-1125,0,Decrement COH. Add to total spending. 
OPP,44,exp,opp,Travel: Safe House,Take some timeout and spend it by traveling to the Safe House by train. You are being invited to the Life Cycle Center.,Life Cycle,-50,0,Decrement COH. Add to total spending. Add link to INVITES. Select 2 life cycle offers.
OPP,45,exp,want,Travel: Opportunity Center,Travel to the Opportunity Center by Portal and return.,No,-150,0,Decrement COH. Add to total spending. 
OPP,46,exp,opp,Travel: McRonald's Restaurant,Take a ride by cab and Travel to McRonald's to eat. While at the location their are shopping opportunities for you.,Shopping Cycle,-80,0,Decrement COH. Add to total spending. Add link to INVITES. Select 2 shopping cycle offers.
OPP,47,exp,opp,Travel: Famous Foot Shoes,Take a ride by cab to the Shoe Store and then shop for some shoes and maybe some clothing to go with the shoes.,Shopping Cycle,-150,0,Decrement COH. Add to total spending. Add link to INVITES. Select 2 shopping cycle offers.
OPP,48,exp,opp,Travel: Audrey's Furniture,Take a ride to the Furniture Store and shop. Purchase a bedroom set. But do not stop there you have a chance to get some other furniture items.,Shopping Cycle,-3500,0,Decrement COH. Add to total spending. Add link to INVITES. Select 2 shopping cycle offers.
OPP,49,exp,opp,Travel: Tool Shed,Purchase a power tool from the Tool Shed Store. Travel there by cab and spend some additional time window shopping. You might find some other useful items.,Shopping Cycle,-250,0,Decrement COH. Add to total spending. Add link to INVITES. Select 2 shopping cycle offers.
OPP,50,exp,opp,Travel: Mummy Museum,"Take a cab ride to the Museum and visit on a date for two. But while you are there, you might want to do a little nearby shopping.",Shopping Cycle,-300,2,Decrement COH. Add to total spending. Add link to INVITES. Select 2 shopping cycle offers.
OPP,51,exp,want,Travel: Sport Center,You have been needing a new tennis racket. Travel there by cab and spend some additional time window shopping. You might find some other useful items.,Shopping Cycle,-250,1,Decrement COH. Add to total spending. Add link to INVITES. Select 2 shopping cycle offers.
OPP,52,exp,want,Travel: Airline Business Office,Take some time off and buy a round trip to somewhere to relax and recoup.,Shopping Cycle,-500,1,Decrement COH. Add to total spending. Add link to INVITES. Select 2 shopping cycle offers.
OPP,53,exp,need,Travel: Opportunity Center,Come to the opportunity center. The banker is sure to have something to meet your interests. Take the train.,Banker Cycle,-50,0,Decrement COH. Add to total spending. Add link to INVITES. Select 2 banker cycle offers.
OPP,54,exp,need,Travel: Safe House,Need to sell something to generate some capital? Come to the Safe House and see what the auction can do for you.,Sell Cycle,-50,0,Decrement COH. Add to total spending. Add link to INVITES. Select 2 sell cycle offers.
OPP,55,exp,need,Travel: Opportunity Center,The opportunity center is open for business. Need a loan?. Need insuranc? Need to avoid taxes?,Banker Cycle,-50,0,Decrement COH. Add to total spending. Add link to INVITES. Select 2 banker cycle offers.
OPP,56,exp,need,Travel: Safe House,Need to sell something to generate some capital? Come to the Safe House and see what the auction can do for you.,Sell Cycle,-50,0,Decrement COH. Add to total spending. Add link to INVITES. Select 2 sell cycle offers.
OPP,57,exp,need,Travel: Opportunity Center,The opportunity center is open for business. Need a loan?. Need insuranc? Need to avoid taxes?,Banker Cycle,-50,0,Decrement COH. Add to total spending. Add link to INVITES. Select 2 banker cycle offers.
OPP,58,exp,need,Travel: Safe House,Got selling on your mind? Come to the Safe House.,Sell Cycle,-50,0,Decrement COH. Add to total spending. Add link to INVITES. Select 2 sell cycle offers.
OPP,59,exp,need,Travel: Opportunity Center,Come to the opportunity center. The banker is sure to have something to meet your interests. Take the train.,Banker Cycle,-50,0,Decrement COH. Add to total spending. Add link to INVITES. Select 2 banker cycle offers.
OPP,60,exp,need,Travel: Safe House,In need of money to tide you over the holidays? The Safe House House is open.,Sell Cycle,-50,0,Decrement COH. Add to total spending. Add link to INVITES. Select 2 sell cycle offers.
OPP,61,exp,need,Travel: Opportunity Center,The banker is in the office. Make an appointment or just come and see him.,Banker Cycle,-50,0,Decrement COH. Add to total spending. Add link to INVITES. Select 2 banker cycle offers.
OPP,62,exp,need,Travel: Safe House,Got selling on your mind? Come to the Safe House.,Sell Cycle,-50,0,Decrement COH. Add to total spending. Add link to INVITES. Select 2 sell cycle offers.
OPP,63,exp,need,Travel: Opportunity Center,"If you have not visited the Opportunity Center, It is time you take a ride and visit. Oh, and stop in and see the banker. He has something for you.",Banker Cycle,-50,0,Decrement COH. Add to total spending. Add link to INVITES. Select 2 banker cycle offers.
OPP,64,exp,need,Travel: Safe House,Got selling on your mind? Come to the Safe House.,Sell Cycle,-50,0,Decrement COH. Add to total spending. Add link to INVITES. Select 2 sell cycle offers.
OPP,65,exp,need,Travel: Opportunity Center,Come to the opportunity center. The banker is sure to have something to meet your interests. Take the train.,Banker Cycle,-50,0,Decrement COH. Add to total spending. Add link to INVITES. Select 2 banker cycle offers.
OPP,66,exp,need,Travel: Safe House,In need of money to tide you over the holidays? The Safe House House is open.,Sell Cycle,-50,0,Decrement COH. Add to total spending. Add link to INVITES. Select 2 sell cycle offers.
OPP,67,exp,need,Travel: Opportunity Center,The banker is in the office. Make an appointment or just come and see him.,Banker Cycle,-50,0,Decrement COH. Add to total spending. Add link to INVITES. Select 2 banker cycle offers.
OPP,68,exp,need,Travel: Safe House,In need of money to tide you over the holidays? The Safe House House is open.,Sell Cycle,-50,0,Decrement COH. Add to total spending. Add link to INVITES. Select 2 sell cycle offers.
OPP,69,exp,need,Travel: Opportunity Center,Come to the opportunity center. The banker is sure to have something to meet your interests. Take the train.,Banker Cycle,-50,0,Decrement COH. Add to total spending. Add link to INVITES. Select 2 banker cycle offers.
OPP,70,exp,need,Travel: Safe House,Need to sell something to generate some capital? Come to the Safe House and see what the auction can do for you.,Sell Cycle,-50,0,Decrement COH. Add to total spending. Add link to INVITES. Select 2 sell cycle offers.
